{"sanctuaryair_p": {"Create": {"StaticMesh": [{"Common_Meshes.Blocking.Blocking_Plane": {"Location": [1913.154052734375, -9342.16015625, 2839.517822265625], "Rotation": [-16500, 5300, 0], "Scale": 101.16000366210938, "Scale3D": [1.0, 1.0, 1.0], "Materials": ["FX_BulletImpacts.Materials.Mati_Thick_Smoke_Colored_Green"]}}, {"Common_Meshes.Blocking.Blocking_Plane": {"Location": [-1151.4671630859375, -1832.39404296875, -6.298583984375], "Rotation": [0, -24600, 0], "Scale": 1.5700000524520874, "Scale3D": [1.0, 100.0, 100.0], "Materials": ["FX_BulletImpacts.Materials.Mati_Thick_Smoke_Colored_Green"]}}, {"Common_Meshes.Blocking.Blocking_Plane": {"Location": [-109.4671630859375, -2911.39404296875, 592.701416015625], "Rotation": [0, -24600, 0], "Scale": 1.0, "Scale3D": [1.0, 100.0, 100.0], "Materials": []}}]}}}